"DESCRIPTION","DURATION IN MS","NAME","PARENT SUITE","START TIME","STATUS","STOP TIME","SUB SUITE","SUITE","TEST CLASS","TEST METHOD"
"","1","test_givenUnknownPath_whenGettingDataset_thenNotFoundIsReturned","tests","2026-10-02","passed","2026-10-02","","test_negative_scenarios","",""
"","126","test_givenUnknownDataset_whenGettingIt_thenStatusIsNotOk","tests","2026-10-02","passed","2026-10-02","","test_live_smoke","",""
"","0","test_whenGettingDataset_thenBodyIsJson[CO2Emis]","tests","2026-10-02","passed","2026-10-02","","test_dataset_contract","",""
"","121","test_givenDescendingSort_whenGettingElspotprices_thenPricesAreDescending","tests","2026-10-02","passed","2026-10-02","","test_live_smoke","",""
"","1","test_whenGettingDataset_thenBodyIsJson[Elspotprices]","tests","2026-10-02","passed","2026-10-02","","test_dataset_contract","",""
"","1","test_whenGettingDataset_thenResponseHasRecordsAndTotal[CO2Emis]","tests","2026-10-02","passed","2026-10-02","","test_dataset_contract","",""
"","1","test_whenGettingNewsEndpoint_thenStatusIsOkAndBodyIsJson[actual]","tests","2026-10-02","passed","2026-10-02","","test_news_api","",""
"","1","test_whenGettingNews_thenEveryFieldIsMappedToItsOwnValue","tests","2026-10-02","passed","2026-10-02","","test_news_api","",""
"","1","test_whenGettingActualNewsWithoutCategory_thenBadRequestNamesMissingField","tests","2026-10-02","passed","2026-10-02","","test_news_api","",""
"","1","test_givenPriceArea_whenFilteringDataset_thenOnlyMatchingRecordsAreReturned[CO2Emis-DK2]","tests","2026-10-02","passed","2026-10-02","","test_dataset_contract","",""
"","1","test_givenValidJson_whenParsingRecords_thenTypedModelsAreReturned","tests","2026-10-02","passed","2026-10-02","","test_models","",""
"","5","test_whenGettingNews_thenResponseIsListOfNewsItems","tests","2026-10-02","passed","2026-10-02","","test_news_api","",""
"","0","test_givenLimit_whenGettingDataset_thenReturnsThatManyRecords[CO2Emis-3]","tests","2026-10-02","passed","2026-10-02","","test_dataset_contract","",""
"","1","test_givenUnsupportedParameter_whenGettingNews_thenParameterIsSentAndListIsUnchanged[query1]","tests","2026-10-02","passed","2026-10-02","","test_news_api","",""
"","0","test_givenSort_whenGettingDataset_thenSortParameterIsSent","tests","2026-10-02","passed","2026-10-02","","test_sorting","",""
"","247","test_whenGettingLiveNews_thenEveryItemMatchesSchema","tests","2026-10-02","passed","2026-10-02","","test_live_smoke","",""
"","1","test_givenNoActualNewsForCategory_whenGettingActualNews_thenNoContentIsReturned","tests","2026-10-02","passed","2026-10-02","","test_news_api","",""
"","3","test_givenCategory_whenGettingActualNews_thenSingleNewsObjectIsReturned[INFO]","tests","2026-10-02","passed","2026-10-02","","test_news_api","",""
"","5","test_whenGettingCo2Emis_thenResponseMatchesSchema","tests","2026-10-02","passed","2026-10-02","","test_schema_validation","",""
"","0","test_givenDatasetOverrideWithJitter_whenResolvingDatasets_thenOnlyThatDatasetHasJitter","tests","2026-10-02","passed","2026-10-02","","test_retry_config","",""
"","1","test_givenDescendingSort_whenGettingDataset_thenPricesAreDescending","tests","2026-10-02","passed","2026-10-02","","test_sorting","",""
"","1","test_givenBackoffJitter_whenCreatingClient_thenItIsConfiguredOnTheRetryObject","tests","2026-10-02","passed","2026-10-02","","test_retry_config","",""
"","1","test_givenUnsupportedParameter_whenGettingNews_thenParameterIsSentAndListIsUnchanged[query0]","tests","2026-10-02","passed","2026-10-02","","test_news_api","",""
"","0","test_whenGettingNewsEndpoint_thenStatusIsOkAndBodyIsJson[archived]","tests","2026-10-02","passed","2026-10-02","","test_news_api","",""
"","1","test_whenGettingNewsEndpoint_thenStatusIsOkAndBodyIsJson[calendar]","tests","2026-10-02","passed","2026-10-02","","test_news_api","",""
"","3","test_givenCategory_whenGettingActualNews_thenSingleNewsObjectIsReturned[HIGH]","tests","2026-10-02","passed","2026-10-02","","test_news_api","",""
"","1","test_whenGettingNewsEndpoint_thenStatusIsOkAndBodyIsJson[]","tests","2026-10-02","passed","2026-10-02","","test_news_api","",""
"","1","test_givenLimit_whenGettingDataset_thenReturnsThatManyRecords[CO2Emis-5]","tests","2026-10-02","passed","2026-10-02","","test_dataset_contract","",""
"","0","test_givenPriceArea_whenFilteringDataset_thenOnlyMatchingRecordsAreReturned[Elspotprices-DK2]","tests","2026-10-02","passed","2026-10-02","","test_dataset_contract","",""
"","0","test_givenServerError_whenGettingNews_thenStatusIsPassedThrough[]","tests","2026-10-02","passed","2026-10-02","","test_news_api","",""
"","0","test_givenNoDate_whenGettingArchivedNews_thenArchiveIsEmpty","tests","2026-10-02","passed","2026-10-02","","test_news_api","",""
"","2","test_givenRecordWithoutRequiredField_whenValidating_thenValidationFails","tests","2026-10-02","passed","2026-10-02","","test_schema_validation","",""
"","0","test_givenCustomRetrySettings_whenCreatingClient_thenTheyAreApplied","tests","2026-10-02","passed","2026-10-02","","test_eds_client","",""
"","0","test_givenDatasetOverrideWithExcessiveMaxRetries_whenCreatingClient_thenWarningIsLogged","tests","2026-10-02","passed","2026-10-02","","test_retry_config","",""
"","0","test_givenLimit_whenGettingDataset_thenReturnsThatManyRecords[CO2Emis-1]","tests","2026-10-02","passed","2026-10-02","","test_dataset_contract","",""
"","3","test_whenGettingCalendar_thenEachEntryHasYearAndStoryCount","tests","2026-10-02","passed","2026-10-02","","test_news_api","",""
"","1","test_givenServerError_whenGettingNews_thenStatusIsPassedThrough[calendar]","tests","2026-10-02","passed","2026-10-02","","test_news_api","",""
"","1","test_givenPriceArea_whenFilteringDataset_thenOnlyMatchingRecordsAreReturned[Elspotprices-DK1]","tests","2026-10-02","passed","2026-10-02","","test_dataset_contract","",""
"","1","test_givenNewsList_whenCheckingCategories_thenOnlyKnownCategoriesAppear","tests","2026-10-02","passed","2026-10-02","","test_news_api","",""
"","0","test_givenRecordWithoutRequiredField_whenParsingRecords_thenValidationErrorIsRaised","tests","2026-10-02","passed","2026-10-02","","test_models","",""
"","0","test_givenSaneMaxRetries_whenCreatingClient_thenNoWarningIsLogged","tests","2026-10-02","passed","2026-10-02","","test_retry_config","",""
"","1","test_givenExcessiveMaxRetries_whenCreatingClient_thenWarningIsLogged","tests","2026-10-02","passed","2026-10-02","","test_retry_config","",""
"","1","test_givenPriceArea_whenFilteringDataset_thenOnlyMatchingRecordsAreReturned[CO2Emis-DK1]","tests","2026-10-02","passed","2026-10-02","","test_dataset_contract","",""
"","375","test_whenGettingLiveCalendar_thenEveryEntryMatchesSchemaAndArchiveAgrees","tests","2026-10-02","passed","2026-10-02","","test_live_smoke","",""
"","4","test_whenGettingElspotprices_thenResponseMatchesSchema","tests","2026-10-02","passed","2026-10-02","","test_schema_validation","",""
"","746","test_whenGettingConsecutivePages_thenPagesAreDifferent","tests","2026-10-02","passed","2026-10-02","","test_live_smoke","",""
"","0","test_givenOffset_whenGettingDataset_thenOffsetParameterIsSent","tests","2026-10-02","passed","2026-10-02","","test_pagination","",""
"","5","test_givenDate_whenGettingArchivedNews_thenNewsListIsReturned","tests","2026-10-02","passed","2026-10-02","","test_news_api","",""
"","1","test_givenConsecutiveOffsets_whenGettingPages_thenPagesDoNotOverlap","tests","2026-10-02","passed","2026-10-02","","test_pagination","",""
"","1","test_givenLimit_whenGettingDataset_thenReturnsThatManyRecords[Elspotprices-10]","tests","2026-10-02","passed","2026-10-02","","test_dataset_contract","",""
"","0","test_givenInvalidDate_whenGettingArchivedNews_thenBadRequestNamesDateField","tests","2026-10-02","passed","2026-10-02","","test_news_api","",""
"","1","test_whenGettingDataset_thenStatusIsOk[Elspotprices]","tests","2026-10-02","passed","2026-10-02","","test_dataset_contract","",""
"","1","test_givenSuccessfulResponse_whenGettingDataset_thenNoWarningIsLogged","tests","2026-10-02","passed","2026-10-02","","test_logging","",""
"","0","test_givenDefaultRetrySettings_whenResolvingAnyDataset_thenDefaultsApply","tests","2026-10-02","passed","2026-10-02","","test_retry_config","",""
"","1","test_givenLimit_whenGettingDataset_thenReturnsThatManyRecords[Elspotprices-3]","tests","2026-10-02","passed","2026-10-02","","test_dataset_contract","",""
"","1","test_givenLimit_whenGettingDataset_thenReturnsThatManyRecords[Elspotprices-1]","tests","2026-10-02","passed","2026-10-02","","test_dataset_contract","",""
"","0","test_whenCreatingClientWithDefaults_thenDefaultRetryConfigurationIsApplied","tests","2026-10-02","passed","2026-10-02","","test_eds_client","",""
"","1","test_whenGettingDataset_thenResponseHasRecordsAndTotal[Elspotprices]","tests","2026-10-02","passed","2026-10-02","","test_dataset_contract","",""
"","1","test_whenGettingDataset_thenStatusIsOk[CO2Emis]","tests","2026-10-02","passed","2026-10-02","","test_dataset_contract","",""
"","0","test_givenLimitZero_whenGettingDataset_thenAllRecordsAreReturned","tests","2026-10-02","passed","2026-10-02","","test_pagination","",""
"","1","test_givenRetryableStatus_whenGettingDataset_thenWarningIsLogged","tests","2026-10-02","passed","2026-10-02","","test_logging","",""
"","2","test_givenRecordWithoutOptionalField_whenValidating_thenSchemaIsSatisfied","tests","2026-10-02","passed","2026-10-02","","test_schema_validation","",""
"","2","test_givenEmptyRecordsList_whenValidating_thenSchemaIsSatisfied","tests","2026-10-02","passed","2026-10-02","","test_schema_validation","",""
"","0","test_givenLimit_whenGettingDataset_thenReturnsThatManyRecords[CO2Emis-10]","tests","2026-10-02","passed","2026-10-02","","test_dataset_contract","",""
"","0","test_givenConnectionTimeout_whenGettingDataset_thenTimeoutIsRaised","tests","2026-10-02","passed","2026-10-02","","test_negative_scenarios","",""
"","1","test_givenDatasetOverride_whenResolvingDatasets_thenOverrideAppliesOnlyToThatDataset","tests","2026-10-02","passed","2026-10-02","","test_retry_config","",""
"","1","test_givenInvalidDataset_whenGettingIt_thenBadRequestIsReturned","tests","2026-10-02","passed","2026-10-02","","test_negative_scenarios","",""
"","1","test_givenAscendingSort_whenGettingDataset_thenPricesAreAscending","tests","2026-10-02","passed","2026-10-02","","test_sorting","",""
"","0","test_givenLimit_whenGettingDataset_thenReturnsThatManyRecords[Elspotprices-5]","tests","2026-10-02","passed","2026-10-02","","test_dataset_contract","",""
